[
    {
    "r_id" : 1,
    "r_name" : "Dominos",
    "r_status" : 2,
    "r_address": "Kormangala 5th block",
    "r_description": "We serve delicious pizzas",
    "image_url" : "https://upload.wikimedia.org/wikipedia/commons/thumb/7/74/Dominos_pizza_logo.svg/512px-Dominos_pizza_logo.svg.png?20111115123340"
},
{
    "r_id" : 2,
    "r_name" : "Punjabi Dhaba",
    "r_status" : 1,
    "r_address": "SG Palya",
    "r_description": "Coffee and more coffee",
    "image_url" : "https://media-cdn.tripadvisor.com/media/photo-i/0d/6c/4f/b8/photo1jpg.jpg"
},
{
    "r_id" : 3,
    "r_name" : "CCD",
    "r_status" : 1,
    "r_address": "Kormangala 7th block",
    "r_description": "We serve wonderful coffe and snacks",
    "image_url" : "https://upload.wikimedia.org/wikipedia/commons/thumb/7/74/Dominos_pizza_logo.svg/512px-Dominos_pizza_logo.svg.png?20111115123340"
},
{
    "r_id" : 4,
    "r_name" : "Udupi",
    "r_status" : 2,
    "r_address": "BTM Layout",
    "r_description": "South indian to the core",
    "image_url" : "https://img.youtube.com/vi/1weigfQ-R9Q/0.jpg"
}

]


